id;start_time;end_time
c9a3ed36-6896-4a41-8ca2-7cdcf5a4b5c0;2024-05-01T05:48:49;2024-05-01T15:21:14
3906eae0-f22c-482b-8585-575cd7985ad1;2024-05-01T00:23:10;2024-04-30T16:06:30
4041ab1f-7d44-4770-aad1-89c5bda42bb3;2024-05-01T07:49:36;2024-04-30T16:57:18
969ef6f8-f30e-4920-b635-50077bba590e;2024-05-01T07:55:40;2024-04-30T23:21:46
81b6c627-e42a-4e3f-b24b-e2a40b3b9468;2024-05-01T15:33:15;2024-05-01T11:58:01
0914d4f3-2a1f-4b0c-95fd-189d18d37f38;2024-05-01T07:22:41;2024-04-30T22:35:06
00fc4ebe-34a0-44eb-a156-3c443fd7c03b;2024-04-30T16:37:46;2024-05-01T00:28:22
ca81db56-f6f1-43f9-9f22-565bad5d9e7e;2024-04-30T22:32:29;2024-05-01T03:52:52
dea493bf-7834-42a2-a81e-ec20e8a451e1;2024-04-30T20:50:23;2024-04-30T19:10:33
2002fb3a-03b1-42e8-9b48-2e88fb8753e4;2024-04-30T22:20:51;2024-05-01T14:09:04
